{"options":{"awareOfChrome":false,"comment":null,"compat_arrayleft":false,"compat_foreach":false,"compat_forvarin":false,"compat_metadata":false,"compat_uW_gmonkey":false,"compat_wrappedjsobject":false,"compatopts_for_requires":true,"noframes":null,"override":{"excludes":false,"includes":false,"matches":false,"merge_excludes":true,"merge_includes":true,"merge_matches":true,"orig_excludes":[],"orig_includes":["https://www.ingress.com/intel*","http://www.ingress.com/intel*","https://www.ingress.com/mission/*","http://www.ingress.com/mission/*"],"orig_matches":["https://www.ingress.com/intel*","http://www.ingress.com/intel*","https://www.ingress.com/mission/*","http://www.ingress.com/mission/*"],"orig_noframes":null,"orig_run_at":"document-idle","use_excludes":[],"use_includes":[],"use_matches":[]},"run_at":null,"user_agent":""},"settings":{"enabled":true,"position":15},"meta":{"name":"IITC plugin: draw tools","uuid":"77e8e899-77e7-4e9b-b2aa-312cadbf0d58","modified":1445020731727,"file_url":"https://raw.githubusercontent.com/ifchen0/IITC_TW/master/build/local/plugins/draw-tools.user.js"}}