{"options":{"awareOfChrome":false,"comment":null,"compat_arrayleft":false,"compat_foreach":false,"compat_forvarin":false,"compat_metadata":false,"compat_uW_gmonkey":false,"compat_wrappedjsobject":false,"compatopts_for_requires":true,"noframes":null,"override":{"excludes":false,"includes":false,"matches":false,"merge_excludes":true,"merge_includes":true,"merge_matches":true,"orig_excludes":[],"orig_includes":["https://www.ingress.com/intel*","http://www.ingress.com/intel*","https://www.ingress.com/mission/*","http://www.ingress.com/mission/*"],"orig_matches":["https://www.ingress.com/intel*","http://www.ingress.com/intel*","https://www.ingress.com/mission/*","http://www.ingress.com/mission/*"],"orig_noframes":null,"orig_run_at":"document-idle","use_excludes":[],"use_includes":[],"use_matches":[]},"run_at":null,"user_agent":""},"settings":{"enabled":false,"position":4},"meta":{"name":"IITC plugin: Compute AP statistics","uuid":"7dd9fb77-f16e-4921-b3da-2fef68f6d95c","modified":1445061309246,"file_url":"https://raw.githubusercontent.com/ifchen0/IITC_TW/master/build/local/plugins/compute-ap-stats.user.js"}}